-- users
INSERT INTO users (id, name, email, birthday)
VALUES (255, 'jhon', 'jhon@mail', '1987-05-05');

INSERT INTO users (id, name, email, birthday)
VALUES (254, 'jane', 'jane@mail', '1986-10-17');

-- events
INSERT INTO events (id, name, base_price, rating)
VALUES (255, 'Hobbit', '8000.0', 'HIGH');

INSERT INTO events (id, name, base_price, rating)
VALUES (254, 'The Gamer', '5000.0', 'MID');

-- tickets for event 'Hobbit'  (base price = 8_000 * 1.2 <- HIGH rating)
INSERT INTO tickets (id, seat, is_vip, date, price, discount_price, event_id, user_id)
VALUES (255, 1, FALSE, '2015-06-06T14:00:00.000', 9600, NULL, 255, NULL),
  (254, 2, FALSE, '2015-06-06T14:00:00.000', 4800, NULL, 255, 255),
  (253, 3, FALSE, '2015-06-06T14:00:00.000', 9600, NULL, 255, NULL),
  (252, 4, FALSE, '2015-06-06T14:00:00.000', 9600, NULL, 255, NULL),
  (251, 5, TRUE, '2015-06-06T14:00:00.000', 19200, NULL, 255, NULL),
  (250, 6, TRUE, '2015-06-06T14:00:00.000', 19200, NULL, 255, NULL),
  (249, 7, TRUE, '2015-06-06T14:00:00.000', 19200, NULL, 255, NULL),
  (248, 8, TRUE, '2015-06-06T14:00:00.000', 19200, NULL, 255, NULL),
  (247, 9, TRUE, '2015-06-06T14:00:00.000', 19200, NULL, 255, NULL),
  (246, 10, TRUE, '2015-06-06T14:00:00.000', 19200, NULL, 255, NULL),
  (245, 11, FALSE, '2015-06-06T14:00:00.000', 9600, NULL, 255, NULL),
  (244, 12, FALSE, '2015-06-06T14:00:00.000', 9600, NULL, 255, NULL),
  (243, 13, FALSE, '2015-06-06T14:00:00.000', 9600, NULL, 255, NULL),
  (242, 14, FALSE, '2015-06-06T14:00:00.000', 9600, NULL, 255, NULL),
  (241, 15, FALSE, '2015-06-06T14:00:00.000', 9600, NULL, 255, NULL),
  (240, 16, FALSE, '2015-06-06T14:00:00.000', 9600, NULL, 255, NULL),
  (239, 17, FALSE, '2015-06-06T14:00:00.000', 9600, NULL, 255, NULL),
  (238, 18, FALSE, '2015-06-06T14:00:00.000', 9600, NULL, 255, NULL),
  (237, 19, FALSE, '2015-06-06T14:00:00.000', 9600, NULL, 255, NULL),
  (236, 20, FALSE, '2015-06-06T14:00:00.000', 9600, NULL, 255, NULL),
  (235, 21, FALSE, '2015-06-06T14:00:00.000', 9600, NULL, 255, NULL),
  (234, 22, FALSE, '2015-06-06T14:00:00.000', 9600, NULL, 255, NULL),
  (233, 23, FALSE, '2015-06-06T14:00:00.000', 9600, NULL, 255, NULL),
  (232, 24, FALSE, '2015-06-06T14:00:00.000', 9600, NULL, 255, NULL);

-- tickets for event 'The Gamer'
INSERT INTO tickets (id, seat, is_vip, date, price, discount_price, event_id, user_id)
VALUES (231, 1, FALSE, '2015-10-17T20:00:00.000', 5000, NULL, 254, 255),
  (230, 2, TRUE, '2015-10-17T20:00:00.000', 5700, NULL, 254, 254),
  (229, 3, FALSE, '2015-10-17T20:00:00.000', 4750, NULL, 254, 254),
  (228, 4, FALSE, '2015-10-17T20:00:00.000', 4750, NULL, 254, 254),
  (227, 5, FALSE, '2015-10-17T20:00:00.000', 5000, NULL, 254, 255),
  (226, 6, FALSE, '2015-10-17T20:00:00.000', 5000, NULL, 254, 255),
  (225, 7, FALSE, '2015-10-17T20:00:00.000', 5000, NULL, 254, 255),
  (224, 8, FALSE, '2015-10-17T20:00:00.000', 5000, NULL, 254, 255),
  (223, 9, FALSE, '2015-10-17T20:00:00.000', 5000, NULL, 254, 255),
  (222, 10, FALSE, '2015-10-17T20:00:00.000', 5000, NULL, 254, 255),
  (221, 11, FALSE, '2015-10-17T20:00:00.000', 5000, NULL, 254, 255),
  (220, 12, FALSE, '2015-10-17T20:00:00.000', 5000, NULL, 254, 255);
